{"cameraMode":{"drawMode":0,"name":"Shaded","section":"Shading Mode"},"sceneLighting":false,"audioPlay":false,"sceneViewState":{"showFog":false,"showMaterialUpdate":false,"showSkybox":false,"showFlares":false,"showImageEffects":false,"showParticleSystems":false},"in2DMode":false,"pivot":{"x":0.7014284133911133,"y":9.285179138183594,"z":-0.19655752182006837},"rotation":{"x":-0.1928481012582779,"y":-0.3745192885398865,"z":0.0799473449587822,"w":-0.9034121036529541},"size":11.4717378616333,"orthographic":false}